{"cameraMode":{"drawMode":0,"name":"Shaded","section":"Shading Mode"},"sceneLighting":false,"audioPlay":false,"sceneViewState":{"showFog":true,"showMaterialUpdate":false,"showSkybox":true,"showFlares":true,"showImageEffects":true,"showParticleSystems":true},"in2DMode":false,"pivot":{"x":5.580986976623535,"y":24.30160140991211,"z":-723.4451904296875},"rotation":{"x":0.21650920808315278,"y":0.10812124609947205,"z":-0.024133775383234025,"w":0.9699748754501343},"size":55.75126266479492,"orthographic":false}